0.0251917,0.067065,1.56139,0,34784000
0.0449563,0.0550684,1.52041,1.56139,34984000
0.0409815,0.0249972,1.51513,1.52041,35180000
0.0216532,0.038641,1.52709,1.51513,35344000
0.0243255,0.0274383,1.50261,1.52709,35908000
0.0247582,0.017448,1.49607,1.50261,36104000
0.0188746,0.042257,1.49726,1.49607,36276000
0.0162677,0.0546822,1.50863,1.49726,37200000
0.0291564,0.0313846,1.49743,1.50863,38384000
0.0435958,0.0210211,1.49313,1.49743,38580000
0.0392006,0.0266336,1.49007,1.49313,38744000
0.0522176,0.0204706,1.4889,1.49007,38944000
0.0597001,0.0576012,1.49039,1.4889,39140000
0.0395782,0.0491181,1.4931,1.49039,39308000
0.0277904,0.0292927,1.49695,1.4931,39504000
0.042894,0.035474,1.50106,1.49695,39704000
0.0502712,0.0601215,1.50353,1.50106,39900000
0.0450231,0.0434841,1.50268,1.50353,40100000
0.0651856,0.0793252,1.49974,1.50268,40296000
0.0669221,0.0511903,1.49737,1.49974,40496000
0.0781641,0.0697214,1.49724,1.49737,40692000
0.0662347,0.0208252,1.49928,1.49724,40892000
0.0783506,0.0674658,1.50158,1.49928,41088000
0.0738345,0.0679768,1.50283,1.50158,41288000
0.0754696,0.0788647,1.50298,1.50283,41484000
0.0428976,0.0689806,1.50273,1.50298,41648000
0.0279556,0.0106931,1.50347,1.50273,41848000
0.0181484,0.0259841,1.50511,1.50347,42044000
0.0415541,0.0337019,1.51161,1.50511,42408000
0.23844,0.00561792,1.52619,1.51161,42572000
0.326619,0.0363286,1.55413,1.52619,42740000
0.312309,0.0975358,1.59435,1.55413,42936000
0.16291,0.177361,1.61722,1.59435,43100000
0.136886,0.310097,1.60989,1.61722,43300000
0.18491,0.421553,1.5603,1.60989,43496000
0.431549,0.557984,1.50744,1.5603,43696000
0.553078,0.564642,1.49077,1.50744,43892000
0.578995,0.748806,1.51478,1.49077,44060000
1.1282,0.876617,1.57426,1.51478,44256000
1.10622,0.918766,1.62425,1.57426,44456000
1.0712,0.805369,1.64948,1.62425,44652000
1.01561,0.799199,1.6515,1.64948,44816000
0.944657,0.947082,1.63883,1.6515,44984000
1.04326,0.78605,1.61725,1.63883,45180000
0.768763,0.802894,1.59998,1.61725,45344000
0.738687,0.909991,1.58555,1.59998,45516000
0.901846,0.761384,1.57441,1.58555,45708000
0.714475,0.923885,1.56852,1.57441,45872000
0.887551,0.945014,1.56535,1.56852,46072000
0.896478,0.933275,1.56442,1.56535,46268000
0.906017,0.922084,1.56203,1.56442,46472000
0.934664,0.805171,1.5572,1.56203,46664000
0.913027,0.900089,1.55517,1.5572,46832000
1.14513,0.722457,1.55375,1.55517,47028000
0.82821,0.7089,1.55047,1.55375,47192000
0.86402,0.799735,1.54514,1.55047,47360000
0.672684,0.589422,1.53775,1.54514,47556000
0.685615,0.66842,1.53142,1.53775,47720000
0.555887,0.615989,1.52413,1.53142,47920000
0.600196,0.490883,1.51723,1.52413,48116000
0.449983,0.542239,1.51162,1.51723,48288000
0.531211,0.415412,1.50443,1.51162,48480000
0.391475,0.489162,1.49754,1.50443,48644000
0.458903,0.388846,1.48855,1.49754,48844000
0.426671,0.401764,1.47903,1.48855,49040000
0.319864,0.355655,1.4688,1.47903,49240000
0.253533,0.306075,1.45837,1.4688,49436000
0.319291,0.360939,1.44599,1.45837,49608000
0.587196,0.280212,1.4262,1.44599,49800000
0.467014,0.320366,1.40072,1.4262,49964000
0.515819,0.301954,1.33776,1.40072,50164000
0.451711,0.296287,1.25171,1.33776,50360000
0.407646,0.345128,1.16445,1.25171,50528000
0.63923,0.311087,1.05727,1.16445,50724000
0.609896,0.420593,0.968309,1.05727,50888000
0.66622,0.466558,0.849485,0.968309,51088000
0.307376,0.53754,0.722144,0.849485,51284000
0.222383,0.629256,0.60174,0.722144,51484000
0.413012,0.631217,0.470845,0.60174,51680000
0.644956,0.811903,0.351501,0.470845,51848000
0.998755,0.759354,0.230955,0.351501,52044000
0.919446,0.994775,0.147784,0.230955,52208000
1.24595,0.996953,0.0815102,0.147784,52408000
0.988212,0.993445,0.0469786,0.0815102,52604000
1.16302,0.924663,0.0332119,0.0469786,52804000
0.793176,0.962748,0.0471747,0.0332119,53000000
0.875171,0.942325,0.064043,0.0471747,53200000
0.879249,0.958192,0.0740368,0.064043,53396000
0.923152,0.92112,0.0753062,0.0740368,53596000
0.943266,0.84038,0.0747629,0.0753062,53792000
0.769828,0.962835,0.0676648,0.0747629,53960000
1.01162,0.81373,0.0224305,0.0676648,54156000
0.890681,0.943691,0.0539285,0.0224305,54320000
1.21663,0.912377,0.105557,0.0539285,54520000
1.09057,0.733369,0.121647,0.105557,54716000
0.89747,0.800786,0.122758,0.121647,54884000
0.709999,0.74066,0.117161,0.122758,55080000
0.748034,0.680051,0.10862,0.117161,55280000
0.669313,0.527208,0.098114,0.10862,55476000
0.489198,0.507172,0.0616188,0.098114,55640000
0.378109,0.577741,0.0191166,0.0616188,55808000
0.317439,0.533258,0.0557268,0.0191166,56004000
0.437057,0.516976,0.0730692,0.0557268,56208000
0.405664,0.475532,0.0660929,0.0730692,56400000
0.498963,0.459812,0.104919,0.0660929,56564000
0.707671,0.540938,0.178215,0.104919,56732000
0.67356,0.452896,0.263994,0.178215,56928000
0.554806,0.565029,0.287757,0.263994,57092000
0.65396,0.528635,0.267665,0.287757,57292000
0.610108,0.592323,0.27065,0.267665,57488000
0.551598,0.634016,0.333781,0.27065,57688000
0.456037,0.708214,0.445308,0.333781,57884000
0.678311,0.782631,0.578469,0.445308,58084000
0.542632,0.718615,0.673505,0.578469,58280000
0.855652,0.893853,0.725463,0.673505,58452000
1.25031,0.82261,0.767273,0.725463,58644000
1.09751,0.990546,0.797523,0.767273,58808000
1.253,0.984984,0.820824,0.797523,59008000
1.10806,0.949377,0.829111,0.820824,59204000
0.835929,0.951394,0.826277,0.829111,59404000
0.917457,0.975244,0.814983,0.826277,59600000
0.894966,0.93867,0.800775,0.814983,59800000
0.901312,0.952736,0.789811,0.800775,59996000
0.908688,0.93109,0.783901,0.789811,60196000
0.94655,0.957344,0.784228,0.783901,60392000
0.988047,0.943076,0.787692,0.784228,60592000
0.996201,0.959376,0.791386,0.787692,60788000
0.987051,0.982402,0.793914,0.791386,60988000
0.992779,0.825583,0.794712,0.793914,61184000
0.788357,0.986744,0.793411,0.794712,61352000
0.992776,0.806242,0.790839,0.793411,61548000
0.797867,0.994379,0.788598,0.790839,61712000
1.022,0.966297,0.786388,0.788598,61912000
1.0264,0.838051,0.78534,0.786388,62108000
0.813118,0.972791,0.785396,0.78534,62276000
1.00232,0.85597,0.785924,0.785396,62472000
0.803495,0.812057,0.78652,0.785924,62636000
0.794967,1.0024,0.787119,0.78652,62804000
0.990512,0.999254,0.787695,0.787119,63000000
1.00558,0.996086,0.787828,0.787695,63200000
1.01272,0.804301,0.787067,0.787828,63396000
0.813292,0.815912,0.786259,0.787067,63560000
0.959264,1.00702,0.785204,0.786259,63728000
0.871207,1.00226,0.78316,0.785204,63924000
1.01594,0.988495,0.77965,0.78316,64124000
1.00904,1.02146,0.777419,0.77965,64320000
1.02258,0.961694,0.780816,0.777419,64520000
1.02586,0.808285,0.785611,0.780816,64716000
0.807899,0.839634,0.789153,0.785611,64880000
0.785942,0.971142,0.790736,0.789153,65048000
1.13987,0.801681,0.790632,0.790736,65244000
0.841166,1.0034,0.789846,0.790632,65408000
0.988692,0.976883,0.788673,0.789846,65608000
0.786619,0.861897,0.787756,0.788673,65804000
0.987277,0.970144,0.787423,0.787756,65972000
0.951569,0.977157,0.787641,0.787423,66168000
1.00941,0.978093,0.78832,0.787641,66368000
0.862178,1.00642,0.788751,0.78832,66564000
1.01686,1.01956,0.789054,0.788751,66764000
1.00803,0.834492,0.788772,0.789054,66960000
0.964408,0.859713,0.788349,0.788772,67124000
0.863307,0.987287,0.788163,0.788349,67296000
0.959287,0.969768,0.788368,0.788163,67488000
0.854158,0.958642,0.788838,0.788368,67688000
0.99399,0.984236,0.789548,0.788838,67884000
1.12364,0.974293,0.790408,0.789548,68084000
0.824983,0.833015,0.790766,0.790408,68280000
0.931453,1.00257,0.790846,0.790766,68444000
0.976285,0.956717,0.790547,0.790846,68648000
0.838906,0.994943,0.790088,0.790547,68840000
0.993378,0.980179,0.789582,0.790088,69040000
1.00933,1.00375,0.789165,0.789582,69236000
1.01525,1.01367,0.788892,0.789165,69436000
1.01617,0.837337,0.78664,0.788892,69632000
0.970779,0.936684,0.790482,0.78664,69800000
1.2048,0.752013,0.795783,0.790482,69996000
0.863618,0.874801,0.798073,0.795783,70160000
0.925519,0.797176,0.799005,0.798073,70360000
0.796264,0.736243,0.79905,0.799005,70556000
0.722987,0.659999,0.798721,0.79905,70756000
0.644354,0.520864,0.798931,0.798721,70952000
0.476071,0.560451,0.800061,0.798931,71120000
0.563032,0.413382,0.800669,0.800061,71316000
0.395794,0.457772,0.799203,0.800669,71480000
0.302198,0.476224,0.80141,0.799203,71680000
0.313446,0.441839,0.802075,0.80141,71876000
0.38764,0.509027,0.800535,0.802075,72044000
0.422011,0.471412,0.795303,0.800535,72240000
0.653979,0.491396,0.78054,0.795303,72440000
0.753644,0.497762,0.758234,0.78054,72636000
0.651689,0.430447,0.708897,0.758234,72840000
0.511029,0.405842,0.636716,0.708897,73032000
0.368953,0.386714,0.577709,0.636716,73196000
0.302595,0.543897,0.51827,0.577709,73364000
0.397803,0.623489,0.444314,0.51827,73560000
0.678081,0.730172,0.371514,0.444314,73760000
0.854105,0.838914,0.304925,0.371514,73956000
0.900223,0.905457,0.240893,0.304925,74156000
1.07055,0.786162,0.182956,0.240893,74352000
0.991307,0.820803,0.165388,0.182956,74516000
1.18199,0.975965,0.177356,0.165388,74688000
1.12967,0.946192,0.19369,0.177356,74880000
0.855782,0.957495,0.20184,0.19369,75080000
0.918858,0.935562,0.200719,0.20184,75276000
0.891255,0.931008,0.192135,0.200719,75476000
0.880047,0.943734,0.18237,0.192135,75672000
0.896543,0.918987,0.174215,0.18237,75876000
0.937061,0.979915,0.16991,0.174215,76068000
0.959483,0.929301,0.169738,0.16991,76272000
0.977652,0.808634,0.171693,0.169738,76464000
0.789462,0.837832,0.173619,0.171693,76628000
0.789245,0.968548,0.174993,0.173619,76796000
0.983108,0.789562,0.175217,0.174993,76992000
0.786269,0.821412,0.173915,0.175217,77156000
0.783406,0.985138,0.172584,0.173915,77324000
0.983488,0.814763,0.170183,0.172584,77520000
0.795903,0.98465,0.168403,0.170183,77684000
1.00276,1.00749,0.166942,0.168403,77884000
0.999427,0.972275,0.16581,0.166942,78080000
0.997644,0.97721,0.165244,0.16581,78280000
0.997676,0.984307,0.165612,0.165244,78476000
0.986093,0.828725,0.167611,0.165612,78672000
0.774564,0.825145,0.169863,0.167611,78840000
0.768009,0.836201,0.170326,0.169863,79004000
0.925384,1.00982,0.169827,0.170326,79172000
1.00403,1.01416,0.169065,0.169827,79368000
0.861308,0.990796,0.16864,0.169065,79568000
1.00467,0.983791,0.168272,0.16864,79764000
1.14836,0.999748,0.161712,0.168272,79964000
0.921626,0.795379,0.157539,0.161712,80160000
1.12573,0.948207,0.179379,0.157539,80324000
1.0132,0.932032,0.200865,0.179379,80524000
1.03849,0.706323,0.206656,0.200865,80720000
0.850683,0.79089,0.204767,0.206656,80892000
0.673397,0.726936,0.199355,0.204767,81084000
0.801215,0.627227,0.191909,0.199355,81284000
0.51608,0.596671,0.186957,0.191909,81480000
0.563307,0.505787,0.180134,0.186957,81680000
0.458298,0.412505,0.164697,0.180134,81876000
0.263437,0.415364,0.167862,0.164697,82040000
0.19373,0.482199,0.177669,0.167862,82208000
0.395691,0.510193,0.182251,0.177669,82404000
0.425491,0.47127,0.188165,0.182251,82604000
0.617101,0.418081,0.221192,0.188165,82800000
0.520232,0.381762,0.268756,0.221192,82964000
0.64079,0.458586,0.298157,0.268756,83132000
0.570869,0.425449,0.262493,0.298157,83328000
0.397552,0.404296,0.232438,0.262493,83492000
0.355958,0.526098,0.241312,0.232438,83660000
0.378058,0.462993,0.314761,0.241312,83856000
0.290656,0.605052,0.416208,0.314761,84020000
0.440994,0.707308,0.560415,0.416208,84220000
0.569769,0.689448,0.667811,0.560415,84416000
0.63154,0.905602,0.722223,0.667811,84584000
1.13821,0.813903,0.75822,0.722223,84780000
1.0685,1.01831,0.781448,0.75822,84944000
1.39531,0.965998,0.805636,0.781448,85144000
1.19193,0.833232,0.817505,0.805636,85340000
0.840533,0.930219,0.820055,0.817505,85516000
0.948179,0.939057,0.815473,0.820055,85704000
0.882789,0.923928,0.803457,0.815473,85908000
0.879723,0.758248,0.790733,0.803457,86100000
0.67144,0.801395,0.783174,0.790733,86264000
0.780232,0.984702,0.77952,0.783174,86432000
0.946028,0.771535,0.778991,0.77952,86628000
0.769199,0.810579,0.780563,0.778991,86792000
0.797971,0.973048,0.783292,0.780563,86960000
1.00295,0.987954,0.786238,0.783292,87156000
0.991164,0.995602,0.787927,0.786238,87356000
0.986869,0.828819,0.787953,0.787927,87552000
0.790505,0.827124,0.787066,0.787953,87716000
0.949761,0.96351,0.785946,0.787066,87888000
1.01004,0.833208,0.784787,0.785946,88080000
0.655079,0.985461,0.784216,0.784787,88244000
1.14326,0.999243,0.783832,0.784216,88448000
0.856562,0.801532,0.783746,0.783832,88640000
0.957503,0.979446,0.783872,0.783746,88808000
1.00855,0.988893,0.784051,0.783872,89004000
0.860963,0.993699,0.784172,0.784051,89208000
1.00025,0.815672,0.784311,0.784172,89400000
0.790689,1.00031,0.78419,0.784311,89564000
1.00225,1.02024,0.78403,0.78419,89764000
1.00788,0.983615,0.783985,0.78403,89960000
1.0013,1.00477,0.784025,0.783985,90160000
0.991525,0.855367,0.784459,0.784025,90356000
0.789493,0.98554,0.784693,0.784459,90524000
1.04227,1.0246,0.783936,0.784693,90720000
1.26056,0.942595,0.790237,0.783936,90920000
1.24397,0.758437,0.795515,0.790237,91116000
0.855109,0.715232,0.797441,0.795515,91280000
0.853464,0.800382,0.797698,0.797441,91448000
0.65774,0.71928,0.7968,0.797698,91644000
0.779262,0.666115,0.795701,0.7968,91844000
0.519521,0.600556,0.794956,0.795701,92040000
0.551292,0.556685,0.794845,0.794956,92240000
0.515528,0.416394,0.79527,0.794845,92436000
0.384625,0.411442,0.795771,0.79527,92600000
0.365171,0.431662,0.796232,0.795771,92768000
0.425698,0.39475,0.796655,0.796232,92964000
0.404388,0.360763,0.7954,0.796655,93164000
0.247791,0.386569,0.796742,0.7954,93360000
0.251,0.350799,0.808449,0.796742,93560000
0.45639,0.271352,0.844397,0.808449,93756000
0.45719,0.278567,0.898843,0.844397,93920000
0.556022,0.299284,0.962853,0.898843,94092000
0.463677,0.232693,1.01688,0.962853,94284000
0.440511,0.256622,1.06268,1.01688,94448000
0.320217,0.329057,1.12525,1.06268,94616000
0.305293,0.282606,1.23105,1.12525,94812000
0.0684269,0.356899,1.34085,1.23105,94976000
0.161436,0.422284,1.46254,1.34085,95144000
0.19913,0.505791,1.62286,1.46254,95340000
0.239775,0.63352,1.79164,1.62286,95540000
0.431615,0.630473,1.95231,1.79164,95736000
0.593329,0.73131,2.05951,1.95231,95900000
0.811262,0.904472,2.13854,2.05951,96072000
1.27838,0.989315,2.20118,2.13854,96264000
1.30575,0.950549,2.24955,2.20118,96464000
1.0838,0.949679,2.29136,2.24955,96660000
1.05068,0.94739,2.32523,2.29136,96860000
0.927128,0.757596,2.35245,2.32523,97056000
0.714837,0.944604,2.36867,2.35245,97220000
0.869315,0.882183,2.37709,2.36867,97420000
0.883509,0.806019,2.37182,2.37709,97616000
0.72543,0.912504,2.36035,2.37182,97784000
0.938165,0.78223,2.34601,2.36035,97980000
0.76116,0.830919,2.33714,2.34601,98144000
0.776123,0.948447,2.33243,2.33714,98312000
0.978483,0.975365,2.33177,2.33243,98508000
0.978738,0.946611,2.33434,2.33177,98708000
0.969364,0.809356,2.33771,2.33434,98904000
0.772629,0.980969,2.34006,2.33771,99068000
0.884255,0.976964,2.34158,2.34006,99268000
0.462659,0.974574,2.34189,2.34158,99464000
0.603786,0.973725,2.34149,2.34189,99668000
0.892484,0.857853,2.34127,2.34149,99860000
0.735104,0.949554,2.34101,2.34127,100028000
0.988813,1.02115,2.34194,2.34101,100224000
1.27131,0.915897,2.34463,2.34194,100424000
1.11577,0.891394,2.34549,2.34463,100620000
0.99565,0.832422,2.34451,2.34549,100820000
0.845601,0.626625,2.34289,2.34451,101016000
0.614831,0.719598,2.34178,2.34289,101180000
0.700162,0.616743,2.34163,2.34178,101380000
0.620693,0.598096,2.34282,2.34163,101576000
0.571678,0.522112,2.34569,2.34282,101776000
0.511034,0.488027,2.35033,2.34569,101972000
0.460985,0.463605,2.35684,2.35033,102172000
0.460669,0.43406,2.36475,2.35684,102368000
0.421917,0.385872,2.37284,2.36475,102568000
0.249037,0.384885,2.38127,2.37284,102764000
0.218491,0.36703,2.38861,2.38127,102964000
0.374451,0.346748,2.38368,2.38861,103160000
0.646245,0.330559,2.3602,2.38368,103360000
0.617472,0.267332,2.31873,2.3602,103556000
0.471383,0.281135,2.27221,2.31873,103724000
0.387131,0.295672,2.20451,2.27221,103920000
0.376974,0.32376,2.11639,2.20451,104120000
0.272169,0.3204,2.01628,2.11639,104316000
0.058016,0.346879,1.92792,2.01628,104480000
0.131427,0.485601,1.83093,1.92792,104648000
0.458647,0.564964,1.70887,1.83093,104844000
0.741382,0.699662,1.54806,1.70887,105044000
0.877782,0.804775,1.36132,1.54806,105240000
1.1996,0.92508,1.17321,1.36132,105440000
1.17427,0.789471,1.05646,1.17321,105636000
1.17834,0.995526,0.989479,1.05646,105800000
1.27487,0.966221,0.926561,0.989479,106000000
1.01919,0.821151,0.877384,0.926561,106196000
0.871763,0.927416,0.842866,0.877384,106364000
0.694387,0.786588,0.810069,0.842866,106560000
0.756071,0.928995,0.789108,0.810069,106724000
0.700049,0.91537,0.771929,0.789108,106924000
1.02649,0.955758,0.766571,0.771929,107120000
0.958447,0.945873,0.774319,0.766571,107320000
0.829464,0.987765,0.788855,0.774319,107516000
0.988149,0.959398,0.802718,0.788855,107716000
1.00119,0.806361,0.811701,0.802718,107912000
0.808912,0.974766,0.814478,0.811701,108080000
0.999326,0.821539,0.813218,0.814478,108276000
0.798367,0.836083,0.810358,0.813218,108440000
0.802696,0.956215,0.807065,0.810358,108608000
1.00101,0.832729,0.803986,0.807065,108804000
0.803411,0.84973,0.802588,0.803986,108968000
1.00249,0.961337,0.802158,0.802588,109136000
0.958176,1.01241,0.802699,0.802158,109332000
1.02078,0.96979,0.801832,0.802699,109536000
1.17429,0.985306,0.806536,0.801832,109728000
1.03865,0.900795,0.811287,0.806536,109928000
1.08016,0.843772,0.813053,0.811287,110124000
0.939626,0.802804,0.813114,0.813053,110324000
0.802858,0.587189,0.812266,0.813114,110520000
0.683535,0.692468,0.811137,0.812266,110684000
0.537039,0.601422,0.809178,0.811137,110884000
0.573531,0.552325,0.806596,0.809178,111080000
0.535658,0.51577,0.803067,0.806596,111280000
0.5018,0.39525,0.798433,0.803067,111476000
0.44349,0.434295,0.793466,0.798433,111644000
0.430155,0.333142,0.786292,0.793466,111840000
0.268729,0.319022,0.777567,0.786292,112004000
0.304347,0.373085,0.769572,0.777567,112176000
0.183265,0.279847,0.765632,0.769572,112368000
0.275513,0.305906,0.780277,0.765632,112532000
0.529495,0.349769,0.818328,0.780277,112700000
0.624219,0.235352,0.889325,0.818328,112896000
0.50391,0.293665,0.940828,0.889325,113060000
0.492402,0.288447,0.989561,0.940828,113260000
0.443324,0.295611,1.05154,0.989561,113456000
0.353468,0.370927,1.1329,1.05154,113624000
0.287141,0.320726,1.25088,1.1329,113820000
0.193099,0.373543,1.35699,1.25088,113984000
0.219429,0.531148,1.48102,1.35699,114156000
0.386626,0.648367,1.64585,1.48102,114348000
0.486248,0.75869,1.82732,1.64585,114548000
0.768318,0.881404,1.96559,1.82732,114744000
1.0235,0.939306,2.0723,1.96559,114944000
1.1944,0.990216,2.15005,2.0723,115140000
1.18375,0.97849,2.2141,2.15005,115340000
1.1144,0.786471,2.26471,2.2141,115536000
0.833851,0.771788,2.30275,2.26471,115700000
0.740247,0.906087,2.33331,2.30275,115868000
0.961954,0.762589,2.35976,2.33331,116064000
0.799439,0.788169,2.3732,2.35976,116228000
0.752288,0.925854,2.37844,2.3732,116400000
0.934938,0.810986,2.37288,2.37844,116592000
0.742492,0.99222,2.36157,2.37288,116756000
0.933412,0.925559,2.34589,2.36157,116956000
0.995707,0.987192,2.33488,2.34589,117152000
1.00441,0.952375,2.33029,2.33488,117352000
0.99804,0.798017,2.33116,2.33029,117548000
0.801109,0.954084,2.33419,2.33116,117716000
1.03091,0.986535,2.33842,2.33419,117912000
1.03246,0.941044,2.3417,2.33842,118112000
1.02295,1.01613,2.34315,2.3417,118308000
1.02448,0.978177,2.34299,2.34315,118508000
1.00814,0.81334,2.34194,2.34299,118704000
0.80022,0.962432,2.33993,2.34194,118868000
1.09655,0.997378,2.33907,2.33993,119068000
1.10222,0.780751,2.34037,2.33907,119264000
0.902962,0.855816,2.34095,2.34037,119436000
0.931567,0.794772,2.34085,2.34095,119628000
0.811946,0.752736,2.34049,2.34085,119828000
0.727091,0.67988,2.34043,2.34049,120024000
0.66683,0.629264,2.34065,2.34043,120228000
0.608818,0.477322,2.34146,2.34065,120420000
0.452293,0.548286,2.34288,2.34146,120584000
0.526562,0.472625,2.34557,2.34288,120784000
0.487602,0.387606,2.34903,2.34557,120980000
0.370727,0.448237,2.35282,2.34903,121148000
0.438939,0.327075,2.35766,2.35282,121344000
0.307125,0.355907,2.36184,2.35766,121508000
0.252483,0.391754,2.36723,2.36184,121708000
0.331167,0.362768,2.36357,2.36723,121904000
0.516313,0.353674,2.34274,2.36357,122104000
0.548336,0.274685,2.30377,2.34274,122300000
0.425106,0.293777,2.25772,2.30377,122468000
0.419903,0.320558,2.1911,2.25772,122664000
0.453026,0.319184,2.10356,2.1911,122864000
0.530622,0.286242,2.0033,2.10356,123060000
0.36411,0.419319,1.91653,2.0033,123224000
0.26803,0.449674,1.80143,1.91653,123424000
0.315699,0.503809,1.67514,1.80143,123620000
0.420884,0.65952,1.51961,1.67514,123820000
0.658994,0.666988,1.33814,1.51961,124016000
0.547246,0.899526,1.19089,1.33814,124184000
0.882106,0.788622,1.05772,1.19089,124380000
0.834032,0.98033,0.982869,1.05772,124544000
1.23631,0.970999,0.918868,0.982869,124744000
1.13487,0.996792,0.870213,0.918868,124940000
0.96483,0.928561,0.831737,0.870213,125140000
0.847415,0.951057,0.802366,0.831737,125336000
0.860075,0.957663,0.780848,0.802366,125536000
0.890712,0.929214,0.767868,0.780848,125732000
0.897524,0.953514,0.768127,0.767868,125932000
0.876169,0.827248,0.777914,0.768127,126128000
0.794607,0.969261,0.789389,0.777914,126300000
0.978305,0.959111,0.80033,0.789389,126492000
1.01344,0.978433,0.806267,0.80033,126692000
0.961193,0.759976,0.807353,0.806267,126888000
0.797852,0.842704,0.805944,0.807353,127052000
0.83979,0.976142,0.803194,0.805944,127220000
0.996104,0.800984,0.800036,0.803194,127416000
0.792539,1.0103,0.798217,0.800036,127580000
0.996528,0.959658,0.797117,0.798217,127780000
0.951095,0.831413,0.797048,0.797117,127976000
0.844529,1.00861,0.797532,0.797048,128144000
0.959238,0.833916,0.795923,0.797532,128340000
0.955743,0.83485,0.799379,0.795923,128504000
0.971908,0.896345,0.804763,0.799379,128672000
1.1068,0.911673,0.807929,0.804763,128868000
0.943575,0.756585,0.808679,0.807929,129068000
0.804286,0.743781,0.807992,0.808679,129264000
0.683757,0.658382,0.806175,0.807992,129464000
0.626781,0.533964,0.803153,0.806175,129660000
0.444835,0.500283,0.799791,0.803153,129824000
0.464909,0.528798,0.795404,0.799791,129996000
0.506295,0.431295,0.788982,0.795404,130188000
0.382807,0.39736,0.782204,0.788982,130352000
0.374519,0.416354,0.775301,0.782204,130520000
0.443938,0.394381,0.764994,0.775301,130716000
0.390578,0.36692,0.7524,0.764994,130916000
0.189713,0.286517,0.741331,0.7524,131112000
0.193955,0.285162,0.726686,0.741331,131276000
0.419047,0.344447,0.706897,0.726686,131444000
0.476842,0.281845,0.678743,0.706897,131640000
0.464495,0.29015,0.648799,0.678743,131804000
0.528488,0.297999,0.578249,0.648799,132004000
0.336667,0.293642,0.472257,0.578249,132200000
0.400508,0.32972,0.343105,0.472257,132400000
0.555216,0.291026,0.248601,0.343105,132596000
0.360668,0.413275,0.230764,0.248601,132764000
0.491175,0.377598,0.296172,0.230764,132960000
0.426276,0.564919,0.403488,0.296172,133124000
0.72417,0.662366,0.534283,0.403488,133324000
0.839458,0.650221,0.617149,0.534283,133520000
1.05171,0.875314,0.651352,0.617149,133692000
1.38865,0.953982,0.676204,0.651352,133884000
1.50462,0.998968,0.704178,0.676204,134084000
1.23387,0.805354,0.736791,0.704178,134280000
0.972606,0.810099,0.759818,0.736791,134444000
0.981854,0.91253,0.781727,0.759818,134612000
0.927434,0.764026,0.800424,0.781727,134808000
0.695674,0.769581,0.807612,0.800424,134972000
0.729923,0.895251,0.805398,0.807612,135140000
0.87959,0.944557,0.795219,0.805398,135336000
0.943409,0.953698,0.782991,0.795219,135536000
0.980405,0.79535,0.774414,0.782991,135732000
0.796428,0.805516,0.771443,0.774414,135896000
0.792695,0.96463,0.77173,0.771443,136064000
0.97719,0.954425,0.774449,0.77173,136260000
0.964856,0.971543,0.777486,0.774449,136460000
0.925984,0.811648,0.779472,0.777486,136656000
0.841939,0.988381,0.77982,0.779472,136820000
0.995342,0.962706,0.778977,0.77982,137020000
0.941727,0.813739,0.777043,0.778977,137216000
0.852094,0.986993,0.77549,0.777043,137384000
1.00053,1.01003,0.774659,0.77549,137580000
0.977328,0.942796,0.773895,0.774659,137780000
1.01014,0.827014,0.770909,0.773895,137976000
0.867685,0.851596,0.772224,0.770909,138140000
0.0940268,0.911683,0.776928,0.772224,138308000
0.0667302,0.895235,0.780153,0.776928,138504000
0.589485,0.811654,0.781157,0.780153,138704000
0.716249,0.771347,0.781394,0.781157,138900000
0.674312,0.64407,0.782355,0.781394,139100000
0.624199,0.618344,0.784739,0.782355,139296000
0.578982,0.592967,0.788329,0.784739,139496000
0.505551,0.455955,0.790622,0.788329,139692000
0.246283,0.469716,0.798195,0.790622,139856000
0.26225,0.525833,0.807715,0.798195,140024000
0.430974,0.419936,0.818973,0.807715,140220000
0.402313,0.56488,0.831621,0.818973,140384000
0.558848,0.551713,0.863915,0.831621,140584000
0.791475,0.575397,0.923124,0.863915,140780000
0.810362,0.522143,0.996438,0.923124,140980000
0.699634,0.503341,1.05093,0.996438,141176000
0.475762,0.505004,1.1125,1.05093,141380000
0.395529,0.49574,1.20763,1.1125,141572000
0.340361,0.60425,1.31826,1.20763,141740000
0.462571,0.572747,1.44978,1.31826,141936000
0.547849,0.651432,1.53838,1.44978,142100000
0.599587,0.867637,1.59518,1.53838,142268000
1.07091,0.951956,1.62323,1.59518,142464000
1.20813,0.996073,1.63095,1.62323,142664000
1.25622,0.976621,1.62941,1.63095,142860000
1.0889,0.971223,1.61823,1.62941,143060000
1.05241,0.790259,1.59953,1.61823,143256000
0.744659,0.947565,1.58024,1.59953,143420000
0.872882,0.930612,1.56343,1.58024,143620000
0.859684,0.820137,1.55914,1.56343,143816000
0.709405,0.912322,1.56318,1.55914,143984000
0.928655,0.797532,1.57254,1.56318,144180000
0.759085,0.842334,1.58015,1.57254,144344000
0.771875,0.936351,1.58643,1.58015,144512000
0.479489,0.775477,1.59251,1.58643,144708000
0.683364,0.877497,1.59378,1.59251,144872000
0.91757,0.837607,1.59109,1.59378,145072000
0.831209,0.667116,1.58634,1.59109,145268000
0.342306,0.675589,1.58232,1.58634,145436000
0.388319,0.646738,1.57854,1.58232,145632000
0.475398,0.578226,1.57661,1.57854,145832000
0.489087,0.464095,1.57702,1.57661,146028000
0.392149,0.445924,1.57934,1.57702,146192000
0.386523,0.464852,1.58368,1.57934,146360000
0.470637,0.45512,1.59138,1.58368,146556000
0.464849,0.421972,1.60148,1.59138,146756000
0.397107,0.319794,1.61323,1.60148,146952000
0.183833,0.379108,1.62594,1.61323,147116000
0.36425,0.34977,1.65377,1.62594,147316000
0.560235,0.310366,1.7024,1.65377,147512000
0.563586,0.290207,1.76826,1.7024,147712000
0.465692,0.235543,1.83984,1.76826,147908000
0.316784,0.3015,1.89529,1.83984,148080000
0.321686,0.333744,1.97421,1.89529,148272000
0.530792,0.397977,2.08461,1.97421,148476000
0.433815,0.416274,2.22078,2.08461,148668000
0.400918,0.506188,2.37562,2.22078,148872000
0.403287,0.483404,2.54085,2.37562,149064000
0.435388,0.574386,2.6786,2.54085,149228000
0.490012,0.733674,2.79881,2.6786,149396000
0.902554,0.694027,2.9049,2.79881,149592000
0.906463,0.960822,2.96796,2.9049,149756000
1.21482,0.969569,3.02303,2.96796,149960000
1.30175,0.965055,3.06389,3.02303,150152000
1.22545,1.00729,3.09813,3.06389,150352000
1.05873,0.807284,3.1245,3.09813,150548000
0.770333,0.917794,3.14003,3.1245,150716000
0.906538,0.759768,3.13621,3.14003,150912000
0.695633,0.808231,3.13873,3.13621,151076000
0.827856,0.922983,3.13879,3.13873,151244000
0.762971,0.782721,3.1288,3.13879,151440000
0.730771,0.953697,3.12283,3.1288,151604000
1.08144,0.940343,3.12108,3.12283,151804000
1.24217,0.938472,3.12561,3.12108,152000000
1.19912,0.866973,3.13269,3.12561,152200000
1.01476,0.670379,3.13947,3.13269,152396000
0.828687,0.744826,3.14318,3.13947,152564000
0.761186,0.617699,3.13836,3.14318,152760000
0.4465,0.673213,3.13399,3.13836,152924000
0.617276,0.572745,3.12793,3.13399,153128000
0.559315,0.574997,3.12053,3.12793,153320000
0.521673,0.469717,3.11175,3.12053,153520000
0.489494,0.472455,3.10184,3.11175,153716000
0.469193,0.390049,3.08956,3.10184,153920000
0.439697,0.325149,3.07606,3.08956,154112000
0.264084,0.363612,3.06323,3.07606,154280000
0.234357,0.340378,3.04703,3.06323,154476000
0.398087,0.305409,3.02351,3.04703,154676000
0.595518,0.308452,2.98996,3.02351,154872000
0.509666,0.283405,2.93815,2.98996,155072000
0.371142,0.289563,2.8599,2.93815,155268000
0.341725,0.316924,2.76792,2.8599,155472000
0.486916,0.368821,2.66568,2.76792,155664000
0.432731,0.387543,2.55069,2.66568,155864000
0.308703,0.35831,2.42905,2.55069,156060000
0.504042,0.522008,2.29717,2.42905,156224000
0.403884,0.624979,2.13076,2.29717,156424000
0.474956,0.609978,1.97838,2.13076,156620000
0.484937,0.782189,1.86616,1.97838,156788000
0.856156,0.9033,1.76804,1.86616,156984000
1.05184,0.929457,1.70052,1.76804,157184000
1.2063,0.99163,1.6563,1.70052,157380000
1.18144,0.970371,1.62182,1.6563,157580000
1.04449,0.774323,1.59448,1.62182,157776000
0.775051,0.816614,1.57771,1.59448,157940000
0.726873,0.921705,1.56791,1.57771,158108000
0.828668,0.969171,1.56741,1.56791,158304000
0.930188,0.923246,1.57626,1.56741,158508000
0.924829,0.947087,1.5869,1.57626,158700000
0.942995,0.972525,1.5941,1.5869,158900000
0.768676,1.00592,1.59513,1.5941,159096000
1.24142,0.919632,1.59486,1.59513,159296000
1.15506,0.723635,1.59221,1.59486,159492000
0.818039,0.831162,1.58831,1.59221,159656000
0.856654,0.734388,1.58352,1.58831,159856000
0.723481,0.728771,1.57967,1.58352,160052000
0.574659,0.630553,1.57605,1.57967,160252000
0.607023,0.527125,1.57204,1.57605,160448000
0.570222,0.550019,1.56805,1.57204,160616000
0.557635,0.439206,1.56194,1.56805,160812000
0.430576,0.409774,1.55557,1.56194,160976000
0.41938,0.430976,1.54735,1.55557,161144000
0.490566,0.323901,1.53615,1.54735,161340000
0.339072,0.392087,1.52492,1.53615,161504000
0.288276,0.35526,1.51148,1.52492,161704000
0.355915,0.29337,1.49588,1.51148,161900000
0.439845,0.318755,1.4784,1.49588,162068000
0.57408,0.315816,1.45033,1.4784,162264000
0.561491,0.273935,1.39445,1.45033,162464000
0.466964,0.23216,1.30964,1.39445,162660000
0.329987,0.276014,1.22762,1.30964,162824000
0.383211,0.315436,1.13539,1.22762,162992000
0.434796,0.382876,1.02344,1.13539,163188000
0.34931,0.422153,0.913063,1.02344,163388000
0.464304,0.527521,0.790504,0.913063,163584000
0.463492,0.625823,0.655911,0.790504,163784000
0.441124,0.722756,0.522213,0.655911,163980000
0.630202,0.809799,0.38459,0.522213,164180000
0.902862,0.742562,0.265113,0.38459,164376000
0.930758,0.801271,0.174625,0.265113,164540000
0.991164,0.995059,0.108247,0.174625,164708000
1.25457,0.795223,0.0664356,0.108247,164904000
0.888859,0.991386,0.0431462,0.0664356,165068000
0.93611,0.892279,0.0410472,0.0431462,165276000
0.826911,0.926252,0.060148,0.0410472,165464000
0.867463,0.93234,0.0787763,0.060148,165664000
0.863367,0.933422,0.0869307,0.0787763,165860000
0.903988,0.925909,0.0819281,0.0869307,166060000
0.981053,0.815545,0.0361502,0.0819281,166256000
0.875604,0.953658,0.0425259,0.0361502,166424000
1.19523,0.724952,0.0962791,0.0425259,166620000
0.835222,0.761759,0.112823,0.0962791,166784000
0.83278,0.770775,0.115936,0.112823,166952000
0.848811,0.635724,0.110906,0.115936,167148000
0.61597,0.615739,0.103162,0.110906,167312000
0.551395,0.647126,0.0948575,0.103162,167480000
0.613339,0.481947,0.0854369,0.0948575,167676000
0.459626,0.45998,0.0790996,0.0854369,167840000
0.427412,0.498571,0.0743371,0.0790996,168008000
0.497728,0.512393,0.0705869,0.0743371,168204000
0.460292,0.41584,0.0694771,0.0705869,168404000
0.425278,0.431425,0.0704377,0.0694771,168600000
0.395969,0.3433,0.0727992,0.0704377,168800000
0.375863,0.287762,0.0762142,0.0727992,168996000
0.281605,0.316724,0.0791191,0.0762142,169160000
0.360717,0.226725,0.083536,0.0791191,169360000
0.240346,0.231811,0.0841124,0.083536,169556000
0.23976,0.20842,0.0831473,0.0841124,169724000
0.195856,0.196082,0.0787024,0.0831473,169920000
0.19359,0.171183,0.070004,0.0787024,170120000
0.157557,0.145682,0.0622249,0.070004,170316000
0.106554,0.1032,0.0567855,0.0622249,170480000
0.105075,0.126432,0.0531453,0.0567855,170660000
0.0801605,0.0976905,0.0510553,0.0531453,170844000
0.115759,0.0862102,0.0495993,0.0510553,171044000
0.116146,0.0327495,0.0487012,0.0495993,171240000
0.0899122,0.093082,0.0479481,0.0487012,171404000
0.0826628,0.0418003,0.0472428,0.0479481,171576000
0.0934102,0.044411,0.0465243,0.0472428,171768000
0.0640687,0.0166721,0.0454539,0.0465243,171968000
0.0363607,0.0397197,0.0447912,0.0454539,172164000
0.0325797,0,0.0442124,0.0447912,172364000
0.0282145,0,0.0441271,0.0442124,172560000
0.0193866,0,0.0463511,0.0441271,174044000
