1.9339712999999998,-2.2902090351866895,0.19936260303391107,0.7906877621859023
2.0645363,-0.13695856976741538,0.0,1.9920136684761909
2.4440302999999997,2.212372750858869,0.0,1.674043652462305
2.8616132999999997,3.936596710931914,0.0,2.328818556086619
3.4035393,5.5799173913158935,0.0,2.899877978995356
4.0698293,7.1024809596516505,0.0,2.9529409726199836
4.702170300000001,9.051879072553879,0.0,3.0934321296475833
5.276027300000001,11.251957790995153,0.0,4.040884058589113
5.914297300000001,14.015729114324218,0.0,6.066646076888257
6.462503300000002,17.575202127619853,0.0,8.994839951019175
7.217107300000002,20.930324615493955,0.0,10.66286109888537
8.376017300000003,23.76922041282001,2.2669510906293855,7.895910008255985
9.298247300000003,25.707499306494043,2.6616734963979956,7.001187602487375
10.163923300000004,27.26234447904071,1.719499301593657,7.443361797291714
11.196573300000004,28.61598757892222,1.929793275885059,6.733067823000312
12.121705300000004,29.54929230891179,1.5223189065346536,6.640542192350717
12.984432300000003,30.01172400957803,0.4894596801481035,7.173401418737267
13.833833300000004,30.12595476961401,0.0,7.440969249530456
14.682540300000003,29.97371284303864,0.0,8.161837256837305
15.537302300000004,29.75895420233309,0.0,8.799769079200585
16.376129300000002,29.593797641381734,0.0,8.412654943038284
17.160536300000004,29.500935932329874,0.0,9.642542774557343
18.136409300000004,29.518810089179524,0.0,9.369301395117935
19.077437300000003,29.50758895571538,0.21325676859441173,8.656044626523522
19.934234300000004,29.396005908912812,0.0,9.36880354669335
20.932730300000003,29.202618885809855,0.9633583565394055,7.905445190153944
21.728749300000004,28.972803467239018,0.3643977826822892,8.00440576401106
22.517107300000003,28.750359014963006,0.0,9.305952047320297
23.488861300000003,28.51776379158512,0.0,9.289246013809521
24.467208300000003,28.26808201421312,0.0,9.014299005887983
25.4515473,28.039346634499218,0.0,8.951996817867855
26.464957300000002,27.82817882408923,0.0,8.628792286857088
27.474117300000003,27.622309580691386,0.0,8.219093277000376
28.479857300000003,27.42712514974903,0.0,8.041609703508133
29.445151300000003,27.23412271612834,0.6646748723002057,6.876934831207927
30.303161300000003,27.0434895928414,0.0,7.635150220795898
31.310681300000002,26.86879800249812,0.0,7.408107847312114
32.268661300000005,26.67982678402056,0.0,7.7138611709336775
33.2629773,26.47967258018302,0.0,7.429180317708949
34.2637173,26.273370922704082,0.0,7.614804462890842
35.2596093,26.062904539743613,0.0,7.216566982360167
36.1000493,25.843656364822806,0.0,8.303454039715822
37.0826543,25.603449836094192,0.0,7.974485660730961
38.0589493,25.374220268859037,0.5146530843418264,6.959832576389134
38.8451383,25.15692493172383,0.0,8.103387669694175
39.828257300000004,25.51759385684422,0.8612485548656847,6.742139114828491
40.684477300000005,25.434107761854847,0.609589228835377,6.493798440858798
41.760297300000005,26.41927506052325,1.0971875165641074,5.506200153130068
42.8935273,26.80918751176704,3.6784006550259383,2.4249870146682375
43.7151173,26.668063588358123,4.381562445877655,1.2218252238165208
44.473359300000006,26.502259402630933,3.5910127416571465,1.5123749280370298
45.221772300000005,26.477737052616924,4.273692287029491,0.3296953826646847
45.8235833,26.463038672279442,4.3978373192795175,0.0
46.3433793,26.436364215318036,3.5025090929585074,0.39532822632100983
46.919488300000005,26.425960085417255,3.3616347479506845,0.036202571328832756
47.4526103,26.36863205329681,3.264128947839778,0.0
47.940255300000004,26.25832831451297,3.1948174806123566,0.0
48.3886843,26.118576578998955,3.1590671945096047,0.0
48.8055793,26.0945264968984,3.387108527231445,0.0
49.0777463,26.384678051042513,2.2478313168844153,0.6392772103470299
49.3056973,26.25385435060682,1.0755443139306462,1.311564213300799
49.620340299999995,27.385362929006398,1.057254664229009,0.8298538630024361
50.0344103,28.80294231607994,1.554204501221831,0.0
50.5034953,30.250691054249355,2.9641728535906813,0.0
50.8056993,30.344027226609306,2.6662851142171267,0.0
51.1654433,30.937418620407705,2.573396273963021,0.0
51.7128253,31.153892394669462,4.128291584384579,0.0
52.1871423,32.203740470565144,4.406523975931855,0.0
52.6589263,34.37774559581532,4.563281801055712,0.0
53.0116333,37.13648614943891,3.3301141538755714,0.733167647180141
53.4019933,39.768770492986924,1.4858242326564068,2.0774575683993057
54.0428783,42.48484751907005,0.5357909135098412,2.5274908875458713
54.8649643,45.06372772725681,1.356016162641538,1.2072656384141747
55.7626803,46.97912133432847,2.2139931456341717,0.0
56.7061653,48.612748346620954,2.164965424019667,0.0
58.0619953,50.10090887080255,5.9310683764315195,0.0
59.1136453,51.007402711702376,6.207668657965723,0.0
60.236235300000004,51.885002524141825,7.3571831300051835,0.0
61.1745353,52.50076265798167,6.974036022065849,0.0
62.030183300000004,52.94814035010411,6.196006513125802,0.2780295089400463
62.84179030000001,53.21737141158116,4.70307605922541,1.2709599628404384
63.677652300000005,53.29769530767585,3.6017270270650545,1.8723089950007936
64.50802230000001,53.12853421320227,3.6375616742834214,1.3364743477824268
65.27414630000001,53.02864826619711,2.0223920618814133,2.451643960184435
66.21195930000002,53.11268775552942,2.8312587075437534,1.1427773145220945
66.98433030000002,53.173412752931625,1.0255806862734964,2.4484553357923513
67.96638930000003,53.20424737606447,0.9397643227427057,2.034271699323142
68.90535130000004,53.10057531498519,0.3504199646382875,2.12361605742756
69.90570130000003,52.87754102599027,0.23524032456600114,1.7387956974998466
70.91249130000003,52.673906366526026,1.0723748215808833,0.40166120048496445
71.76517130000003,52.47007243789999,0.0,1.289827835978666
72.71800930000003,52.260061165258286,0.638936056283236,0.15089177969542988
73.56292330000004,52.014110922656855,0.0,1.2453953504454225
74.49962830000004,51.800243015104535,0.0,1.402082626206351
75.51061830000005,51.61447205936541,0.8868623894852574,0.015220236721093627
76.36872630000005,51.4372696775835,0.0,0.8041369389874051
77.33409430000005,51.264650486522896,0.0,1.1428412404404615
78.43222430000004,51.0822671065343,0.4969277814521055,0.14591345898835606
79.47848430000005,50.874377273835854,1.8419646219495251,0.0
80.29645030000005,50.65851667466558,0.1536661883761945,1.1882984335733306
81.29425630000004,50.4374750772886,0.029340850753175718,0.8126237711963493
82.27751730000004,50.217429825720615,0.0,0.855026586807665
83.26454630000005,49.99977580409418,0.0,0.5740657681172369
84.24687030000005,49.78271958995312,0.0,0.33217266388387223
85.24118530000005,49.56486629916488,0.0,0.13342019729334648
86.24206530000005,49.34581739340587,0.8106972555418672,0.0
87.05646830000005,49.12856191010302,0.0,1.0817481163685472
88.05924830000005,48.90911446602042,0.937332818493112,0.0
88.86356930000005,48.691460444393975,0.34023961375005163,0.09709320474306038
89.67598330000006,48.472411538634965,0.0,1.0719013560208213
90.68931330000005,48.261333399347784,1.2326638605432976,0.0
91.50592330000005,48.05842529569422,0.6022006226951163,0.13046323784818126
92.42333730000004,47.81068163063662,0.0,0.41113941167429147
93.58526730000004,47.57576171277046,2.719839563716325,0.0
94.42954730000004,47.35153180880476,3.0958074080284117,0.0
95.31305830000004,47.14523612940067,3.3241134072388583,0.0
96.13443430000004,46.93555287424606,3.605823222372546,0.0
96.86960230000004,46.707935394529834,3.564492884468344,0.0
97.43861530000004,46.45999246031044,3.6330211948765037,0.0
98.00921930000004,46.21192077776575,3.3809575172663804,0.0
98.54955430000004,45.97500816828162,3.177952714058211,0.0
98.96525730000003,45.72673721657513,2.8655891881272693,0.0
99.40648030000003,45.49732631440274,2.4017114493160836,0.0
99.83994530000002,45.28724452092454,2.137987742513469,0.0
100.22749730000002,45.11442606070214,1.8228746258397832,0.0
100.45406030000002,44.937024409758436,1.039985546095048,0.2828890797447351
100.77456730000003,44.84172165347458,0.471579247978156,0.351295377861627
101.25063430000003,44.944691713177484,1.3943333540572,0.0
101.71489530000002,45.31169341225974,2.2824455575164317,0.0
102.18704730000002,46.25458298893169,3.1992740749894555,0.0
102.55239630000001,47.580866432898645,3.559531022463991,0.0
102.82657830000001,48.97051747031664,2.7609604532693277,0.29857056919466296
103.19499130000001,50.794774549611155,2.264396403115255,0.29513461934873575
103.33528430000001,52.65888546126481,0.015321143113357971,2.0442098793506327
103.38513010000001,54.62279036914577,0.0,4.436043880996302
103.43095680000002,56.60532694365463,0.0,7.248926241964876
103.78138780000002,58.89364204693906,0.0,9.179548009456933
104.31557080000002,61.838907722831685,0.0,10.5930923285281
105.33691080000001,64.79842114379271,0.9894206538202268,9.103671674707872
106.19492180000002,67.24953915226426,0.0,9.827259865369843
107.29559180000001,69.21970111182561,1.0353696969810564,8.291890168388786
108.44982180000001,70.42973092680093,1.7403473940184897,7.0869124713513525
109.52872180000001,71.23688831391571,2.5139692856147473,5.813290579755095
110.50124280000001,71.58867381980325,2.2596706465452816,5.567589218824561
111.40064480000001,71.39044931808176,1.8270456089303657,5.5002142564394765
112.25936180000001,71.41025516973909,0.9447227997855963,5.882537065584246
113.11969680000001,71.26909936326429,0.0,6.348465077741006
113.99743480000001,71.06926399008562,0.04090006973641608,5.807565008004589
114.72836980000001,70.91181914569576,0.0,6.07114813777487
115.48663780000001,70.73357259350604,0.0,7.392162111690484
116.4734348,70.53597899839758,1.0550873503822311,5.837074761308253
117.26617780000001,70.33884571505287,0.5502451206123037,5.841916991078181
118.21084880000001,70.1551451659048,0.0,6.081974210750118
119.05152880000001,69.9770998755685,0.0,6.863502306876168
120.04575480000001,69.77999648259805,0.0,6.637621525203488
121.02862580000001,69.6023118694446,0.9816865108753974,5.15593501432809
121.81355280000001,69.43642996874432,0.0,6.4530995968815095
122.80134480000001,69.27732919761993,0.0,6.2108830113842926
123.81038480000001,69.1033749031753,0.8974269934887946,4.813456017895498
124.6119838,68.91750032747204,0.0,6.139432488472483
125.6141338,68.71939062523452,0.9777606246277359,4.661671863844747
126.41077680000001,68.51237159877311,0.3191471649775046,4.8202853234949785
127.35805380000001,68.32569994642267,0.0,4.799256404003632
128.3551998,68.13252614132284,0.0,4.907936119470127
129.3623798,67.93302554033599,0.0,4.5707777830322796
130.2199898,67.73524463221544,0.0,5.535624181752773
131.2268098,67.53566033818063,0.0,5.262948894525105
132.2325098,67.33188142829003,0.0,5.016946107871435
133.2289458,67.12047250219427,0.0,4.634992968236958
134.2186888,66.88930205332323,0.0,4.493342296563257
135.2051048,66.64152251981652,0.0,4.260903667450664
136.18203079999998,66.40598807630215,0.0,4.1968296843262545
137.15237079999997,66.20495310276948,0.0,4.0299989370004194
138.13850479999996,66.01828742849389,0.0,4.079143396224293
139.12079779999996,65.83166360074229,0.0,3.9474912363423886
140.09866579999996,66.08727583107235,0.5117049937326269,2.935786242609762
141.17813579999995,66.25122623966799,1.877760764533536,1.069730471808853
142.03980379999996,67.16385757075112,0.9897549777306358,1.457736258611753
143.13090379999997,67.59506656308545,3.0614777737782903,0.0
143.80300379999997,67.48939262356,1.537919525668617,1.0235582481096734
144.64425179999998,67.28550810101363,1.9707833131841674,0.09069446059412278
145.4217928,67.22370249082763,2.0712848057853583,0.0
146.11669179999998,67.22319207481002,2.005031706870722,0.0
146.7395598,67.22332330549337,2.3092381735359524,0.0
147.2029268,67.17982256050993,1.3644320175393618,0.44480615599659046
147.7346848,67.12494553907958,2.0241958561065383,0.0
148.1311158,67.0219171173929,1.5937910762571537,0.0
148.4946578,66.90298502390331,0.7643574537522249,0.3294336225049288
148.9079868,66.89400566850937,1.1272757698066356,0.0
149.20281880000002,67.50723630005615,0.07798516558577318,0.5492906042208624
149.44555480000002,67.35249753088348,0.0,1.1590060381599412
149.78828180000002,68.77344257409976,0.2145580454967267,0.44444799266321455
150.1966178,70.34109156692168,0.5748885114403195,0.0
150.7581758,72.00183911213456,2.680525377264119,0.0
151.1732558,72.41472331235016,3.6026104652747413,0.0
151.5634938,72.48899861275449,3.9701972041142923,0.0
152.1856648,72.67861090400618,6.2160926052056595,0.0
152.6528508,73.38340449933635,6.854514032205494,0.0
153.0491058,75.01015672554688,6.626035079468962,0.0
153.3003458,77.54288619586174,4.7247315854958405,1.4013034939731213
153.4149138,80.42045095066413,1.3223794532385726,4.303655626230389
153.7231558,83.22621902647153,0.0,6.715683680956726
154.2896198,86.03872239994762,0.0,7.730552046023824
155.0286248,88.43873860850651,0.0,7.364001025656856
155.74401179999998,89.96794858001803,0.0,8.787257134490496
156.77800179999997,91.32279803495828,0.39811160719215233,7.889145527298343
157.77685379999997,92.21295180459086,1.418402666169551,6.3688544683209445
158.86336379999997,92.75797138599322,2.2815259419961986,5.005731192494297
159.86723379999998,93.34105137729856,3.594369044893416,3.1928880895970795
160.63501879999998,93.61088024626099,3.1212206271341025,3.166036507356393
161.34454079999998,93.78904530079738,1.245839745350594,4.541417389139902
162.20679779999998,93.87714069420211,0.4005628927638122,4.886694241726683
163.07667979999997,93.72930140004068,0.0,5.068495426517594
163.97015279999997,93.64117233358147,0.3525448600704221,4.215950566447172
164.71115479999997,93.66563034353685,0.0,4.627982188938006
165.48138079999998,93.71380138374592,0.0,6.046724263771525
166.46561279999997,93.72809666644972,0.0,5.740737758213983
167.47311279999997,93.61645383889861,0.0,5.432325143177549
168.48854279999998,93.38963343582957,1.1792232853855267,3.753101857792023
169.29323079999998,93.16089086197906,0.0,5.030791397892157
170.28066979999997,92.96223793155971,0.0,4.6783412198903855
171.27452179999997,92.74246246999002,0.0,4.426692214813114
172.26429079999997,92.49810638068296,0.0,4.149377912187929
173.25651179999997,92.28623116474859,0.0,4.044258567788813
174.25088479999997,92.09308725002302,0.0,3.7953518016073797
175.24337279999997,91.90472579518055,0.0,3.8537301805448516
176.25686279999996,91.71277749542575,0.02460837699331264,3.329121803551539
177.20769679999995,91.51206135255195,0.6688377630486757,2.184892417496176
178.06037579999995,91.30496859650069,0.0,2.9875350179354907
179.05941479999996,91.09349191888991,0.751213462227585,1.7363215557079057
179.85600479999997,90.88022181882297,0.1604134384358315,1.8271215794996594
180.65178579999997,90.6641619504909,0.0,2.9474007255011516
181.64697579999998,90.44610939054085,0.0,2.9801064550438063
182.63557179999998,90.22586486981108,0.0,2.541507335000659
183.63221779999998,90.00283058081615,0.8671447360840829,1.174362598916576
184.43127579999998,89.78318386757175,0.2467461766498501,1.2947611583508087
185.23025779999998,89.56333788516555,0.0,2.6188776116606434
186.22590879999998,89.3416984803032,0.8952434949577921,1.2236341167028513
187.0256418,89.12444299700034,0.3617584696431303,1.2571191420175132
187.8250368,88.90898093615365,0.0,2.4679803937445373
188.8289768,88.69431595195415,1.024996240997068,0.9429841527474692
189.6229928,88.49419761656574,0.31494926039433224,1.153031133350205
190.4570898,88.30005735603119,0.0,2.136220390100501
191.6333298,88.0562990742095,1.22442244016197,0.4117979499385309
192.7866898,87.81712398310913,2.8156064669102236,0.0
193.9485898,87.61003122705786,4.768545472501956,0.0
194.8186478,87.41907927311205,5.290895940554085,0.0
195.4787978,87.22792805000444,5.579884084124449,0.0
196.16032479999998,87.0290053295868,5.450456564748851,0.0
196.80246979999998,86.82709357174221,5.327910374077019,0.0
197.3184078,86.61601543245503,5.209326828887378,0.0
197.84441379999998,86.39696652669602,5.229384412646042,0.0
198.35113679999998,86.16137828050796,5.220078719863211,0.0
198.81392979999998,85.91828832700817,5.195363555965963,0.0
199.17939779999998,85.68874867651049,4.533721135390571,0.16164242057539285
199.52281479999996,85.487305977826,4.421379308223896,0.0
199.76924079999998,85.25836413481369,3.2312346691361022,0.6901446390877938
200.15283479999997,85.13038123599533,3.513047410126471,0.0
200.65301379999997,85.1695851639236,4.7537541911846395,0.0
201.10076979999997,85.60573326214897,5.484110463740661,0.0
201.46107079999996,86.63191734845154,5.61159323448589,0.0
201.79034679999995,87.99566339483609,5.4390544848550775,0.0
202.32114379999996,89.69079405728695,6.276159574482336,0.0
202.86299179999995,91.45766161798429,7.0038765339991995,0.0
203.42525679999994,93.26876693260027,7.582446575339465,0.0
203.80617679999995,95.37839737850246,7.0568500817546544,0.025596493584810753
204.11226679999996,97.45949248043549,5.244401009484218,1.338045565855248
204.67790979999995,99.88978686149937,3.9258637160347103,2.1565828593047556
205.47306779999994,103.05510547276303,4.618387384413833,0.9640591909256337
206.60431779999993,105.50000628338655,6.124459079534421,0.0
207.95980779999994,108.0341398246622,8.739909769036249,0.0
209.06398779999995,109.80586955290735,9.221053135181746,0.0
210.18486779999995,110.91680281372165,10.178691754828492,0.0
211.11973879999994,111.58204867457196,9.808777971319476,0.0
211.92117779999992,111.74725049350369,8.410678990656129,0.8980989806633464
212.72323879999993,111.54671646219698,8.172385322300443,0.6363926490190315
213.36572279999993,111.40638563005201,5.788969763790094,2.5198082075293806
214.18967179999993,111.2213188710839,5.761188879733156,2.0475890915863184
214.87217779999992,111.0294582497603,4.648944410458505,2.65983356086097
215.73209379999992,110.87655474956776,3.799837245633836,3.0089407256856386
216.6619187999999,110.71263166472792,3.238349035455239,3.0704289358642356
217.61470379999992,110.50181257535107,2.7616276200997385,3.047150351219736
218.4337697999999,110.28905658972157,1.2528759916582104,4.0559019796612645
219.40857179999992,110.11178645642465,1.0373215857819555,3.771456385537519
220.38227679999991,109.95483380686443,1.937358484922286,2.3714194863971887
221.16646279999992,109.78970514359573,1.3307519902832083,2.478025981036266
222.09727679999992,109.61898897303027,0.8339012180998127,2.474876753219662
223.08504079999992,109.43898685952513,1.77365279422491,1.0351251770945644
223.8721937999999,109.24990405031696,0.997240691604125,1.3115372797153495
224.71443179999991,109.04777309639441,0.0,2.4093197741852994
225.71963179999992,108.84665442981378,1.0041978661007507,0.9051219080845487
226.5189307999999,108.64605784843705,0.3641404680405884,1.045179306144711
227.3155117999999,108.4466788016389,0.0,2.431646773062065
228.30347479999992,108.26035188493836,0.7602709376154477,1.171375835446617
229.09916279999993,108.07440158695361,0.0,2.6768182408394408
230.10270279999992,107.89540179733231,0.0,2.257767681718636
231.10586279999993,107.71849433390986,0.0,2.0852833641222923
232.10852279999992,107.5410528291338,0.0,1.6470150771899026
233.1137727999999,107.35058709194277,0.0,1.3178187909509633
234.1177127999999,107.15045281502141,0.0,0.9575241923007738
235.1257627999999,106.93388879570999,0.0,0.729680467504265
236.1222027999999,106.7015924760748,0.0,0.5808102821691346
237.0657167999999,106.45535528588037,0.0,0.9004291890549103
238.0529487999999,106.22017155609076,0.0,0.6898108415585321
238.8906657999999,105.98734717317681,0.0,0.46336396767411103
239.8290087999999,105.74843589399987,0.0,0.7916654057555572
240.80999079999992,105.8320569180924,0.7589770125600384,0.0
241.63503979999993,106.48550604456442,0.0,1.0834022819223372
242.64005979999993,107.50179320823047,0.13821646722759917,0.44518581469473806
243.83760979999994,107.97589887302458,1.8610059054353716,0.0
244.88495979999993,107.9104374503495,3.0322450850812723,0.0
245.77679779999994,107.7245469331133,4.307667287228311,0.0
246.40682179999993,107.63235277575346,3.2773738554118617,0.5302934318164492
247.09090579999994,107.6121744934666,3.0846763415655296,0.2229909456627811
247.70141979999994,107.61134723948172,2.940140776798652,0.0
248.26687479999993,107.59087603152702,3.166469129191457,0.0
248.68414179999994,107.50225277754656,2.5702507942301787,0.09621833496127835
249.14424979999993,107.41019412321674,2.302851163974698,0.0
249.53536479999994,107.29023180816066,2.116490942161107,0.0
249.87912779999994,107.23011201508345,1.423015024483892,0.19347591767721511
250.23894679999992,108.0455550139457,0.9125486318310789,0.20394231033002813
250.46395379999993,107.97975284100396,0.17518953997354575,0.4413014021875613
250.77088779999994,109.2906813799928,0.0,0.7384898241639464
251.23340879999995,111.144879427477,1.2349135256964512,0.0
251.65595979999995,112.51682617649931,1.7243130159170859,0.0
252.09607879999996,113.01782720006098,2.5963173228058576,0.0
252.54351679999996,113.39560936079639,3.148281030194277,0.0
253.12717279999995,113.19882956049791,4.493891314750344,0.0
253.73963579999995,114.77795645703927,5.744236367101927,0.0
254.17970479999994,117.2398855941681,5.456185398888243,0.0
254.51710879999993,120.04356134377663,3.6368844053016627,1.31930099358658
254.72007179999994,123.16487213728757,0.3602782625200458,4.095907136368197
254.97868279999994,125.81443311716328,0.0,6.769102200573779
255.40597879999996,127.82487811441152,0.0,9.458794809235824
256.2544468,129.76856794245816,0.0,9.787500598897084
257.2357048,131.20591483038186,0.0852758176594185,9.202224781237666
258.1913988,132.2423321647725,0.0,9.182658879280561
259.2850488,133.05536876879015,0.8939716254431005,7.788687253837461
260.26682780000004,133.6563829846571,0.6305125851290921,7.552146294151469
261.17638880000004,134.12348832379735,0.1336471092518846,7.5490117700286765
262.04582580000005,134.40567188079112,0.5067550851176412,6.67590379416292
262.74655880000006,134.42342526008196,0.0,7.2287526922861565
263.61588180000007,134.27498815843515,0.0,7.45186390484038
264.5391498000001,134.1511899120145,0.0,7.531717028589497
265.47235780000005,134.21570102349082,0.0,7.643999149039802
266.27297980000003,134.29974051282312,0.0,7.379469708183687
267.1841838,134.27039584909366,0.0,7.690972176085533
268.15571880000005,134.16313694310205,0.0,7.4512919777707936
268.98513980000007,133.94548292147562,0.0,7.3281091455242935
269.91811380000007,133.7121571569038,0.0,7.215718824535409
270.7444338000001,133.50334149923287,0.0,8.2891887612881
271.7247818000001,133.2775879628093,0.0,8.172607887562949
272.70243180000006,133.0392099483561,0.7176743366436323,6.954933550919316
273.49389880000007,132.82992523152507,0.0,8.369587998873246
274.4973188000001,132.63857473925566,0.0,8.084083738795076
275.51967880000007,132.45360086016373,0.8914205345668114,6.692663204228265
276.3350578000001,132.26205109873254,0.0,7.769698786730238
277.3510378000001,132.06571887741825,1.1303261516154992,6.139372635114739
278.30995480000007,131.85882539052878,0.40571516229250615,6.363983624437733
279.31304480000006,131.64475821381467,0.42640500488506405,5.8432937818451745
280.1684288000001,131.42710419218824,0.00620458854083622,5.763494198189402
281.12358780000005,131.21104432385616,0.0,5.69513408831895
282.12223180000007,130.99697714714205,0.0,5.622017333500488
283.1041928000001,130.78569973869307,0.0,5.465295375670036
283.9447468000001,130.57701282934744,0.0,6.706688847596566
284.9279958000001,130.37051788078156,0.0,6.334322516327164
285.91197580000005,130.16462073970106,0.0,6.335341785706112
286.88898680000005,129.95394113873746,0.0,6.119253664111869
287.85719680000005,129.73509150214025,0.0,6.235182300627417
288.82685280000004,129.50607913829145,0.0,6.103030215155924
289.8176978,129.27646896695725,1.0521980745482782,4.550832140607645
290.62554980000004,129.06180398275774,0.6418050219762981,4.461225193179625
291.5475688,128.81711987596358,0.0,4.682601369864095
292.7636688,128.60192760511518,1.5666582654707295,2.6159431043933656
293.8325988,128.36534301311815,2.9991526767587438,0.6834486931053514
294.74804980000005,128.16462687024435,3.406895203397406,0.0
295.52686680000005,127.97068587887159,3.603147150098858,0.0
296.2177108000001,127.76219823868774,4.253382995076205,0.0
296.7303078000001,127.53737052723666,3.072442868314388,0.6809401267618165
297.2971758000001,127.29500712954754,2.9783189177801197,0.27506407729608484
297.8209668000001,127.05045177107867,3.2998757431428785,0.0
298.2201308000001,126.81805183147934,2.395762059769518,0.4041136833733603
298.6899118000001,126.59402119667543,2.6933151049850603,0.0
299.03527280000014,126.39111309302187,2.2237323329750263,0.0
299.41799580000014,126.22387416932975,1.9592072748596867,0.0
299.63626880000015,126.05444328485787,0.5095865510809661,0.9496207237787206
299.95035180000013,125.94586001557019,0.07011694399681312,0.8890903308628735
300.4542088000001,126.29639289505991,1.1100521379063295,0.0
300.94217780000014,127.11939295716732,2.0583245045951712,0.0
301.38810180000013,128.09602954301926,2.839879039002714,0.0
301.80773980000015,128.99176284918212,3.4312559976527663,0.0
302.29285580000015,130.13857529920762,4.523279026889398,0.0
302.71191280000016,131.55818723173147,4.728103227082935,0.0
303.0739828000002,133.6192465960758,4.370592009303889,0.0
303.4568098000002,135.8977086159393,3.0719194061936697,0.7986726031102189
303.7236058000002,138.76321758645307,0.7520605641833789,2.6185314451205097
304.1486498000002,141.7937214229337,0.0,4.28790533281736
304.8571638000002,144.77839335220128,0.0,4.58048414678385
305.9347438000002,147.1349688834887,2.159746459049991,1.9207376877338591
306.9398538000002,148.52648386419938,2.6031454431814565,0.9773387036023935
308.25592380000023,149.68724515555056,4.753680038058565,0.0
309.5669038000002,150.43771124276432,7.112742418569875,0.0
310.7012438000002,150.9952847813598,7.950384193021252,0.0
311.7017938000002,151.4113772150803,8.139225478041727,0.0
312.6314488000002,151.64314567413976,9.122999913438353,0.0
313.35014280000024,151.51277154537985,8.135744193408062,0.48725572003029016
314.06710780000026,151.4581196981023,6.344439032838512,1.7785608805998403
314.9538498000003,151.2107745713683,5.533723212555579,2.0892767008827735
315.8552988000003,151.13427363712972,4.865780259181973,2.2572196542563794
316.6604448000003,151.0042980466934,4.569436407658623,2.0535635057797292
317.38098280000025,150.96957311559547,2.2741694935480075,3.8488304198903442
318.32799180000023,150.86689740032517,1.8548954099139014,3.76810450352445
319.30653580000023,150.65980464427392,1.838252573919148,3.2847473395192033
320.2875358000002,150.42966718629086,1.76400801741798,2.8589918960203713
321.26235480000025,150.21228295466273,2.574006847503803,1.5489930659345483
322.0494018000002,149.9703886161337,0.7992801017066806,2.823719811731671
323.04735080000023,149.73380402413667,1.888391799568642,1.2346081138697096
323.84052280000026,149.52451930730564,0.08569862814211238,2.5373012852962393
324.82518780000026,149.3349622374924,0.0,2.41899272754824
325.81589680000025,149.15138324253303,0.8420602344417225,1.0769324931065176
326.61294680000026,148.9610290960726,0.0,2.059879138908924
327.60643580000027,148.76111002984598,0.0,2.141555520690663
328.58809280000025,148.55162604385316,0.0,2.006440640916159
329.5329878000002,148.3349683680357,0.0,2.374500867063807
330.57222780000023,148.11731434640924,0.0,2.223630979370318
331.57956780000023,147.90523986131308,1.0976104328849878,0.6260205464853303
332.38326480000023,147.69615441364385,0.0,1.955614125739936
333.37279580000023,147.49125361837233,0.0,1.500598331556288
334.3601978000002,147.2911352829839,0.0,1.4836643907914362
335.3379728000002,147.0912162167573,0.0,1.3004684322534408
336.2544638000002,146.8899022663981,0.0,1.4566925416593088
337.21597680000025,146.6852007402884,0.0,1.247353415524528
338.1689098000002,146.4832889824438,0.0,1.411583686210738
339.1217928000002,146.27938453298128,0.0,1.4977814538395027
339.9545288000002,146.0778713134603,0.0,2.4814118214041425
340.96192880000024,145.87815151639546,0.0,2.0549800079899825
342.11049880000024,145.64176619356022,0.9117116320266341,0.6432683759633484
343.30252880000023,145.39362399017904,2.675436153805526,0.0
344.33140880000025,145.1664050487864,3.32317972268183,0.0
345.19852380000026,144.95034518045432,3.5015740332492573,0.0
345.9549108000003,144.73388677379864,4.20158923362532,0.0
346.4970778000003,144.5072656398914,3.2069375556078628,0.4946516780174577
347.1262358000003,144.2585256290248,3.0336856768271936,0.16790355679812674
347.6935738000003,144.02599694110017,2.8147200139866793,0.0
348.2190188000003,143.78310625676218,3.257295591264703,0.0
348.6112078000003,143.63121105852832,2.282295400026269,0.47500019123843407
349.07357380000025,143.4737363237642,2.224269017799147,0.03302657346555582
349.4982738000002,143.29852663360026,2.388444856450888,0.0
349.8105268000002,143.1101651787578,1.612540031266599,0.27590482518428927
350.16886080000023,142.92618764547484,1.6385305554781895,0.0
350.49691280000025,142.75874945262092,1.5113968123371813,0.0
350.79435480000024,142.5827426858098,1.6738817262006036,0.0
351.01909380000023,142.38581265701012,1.3336105894155008,0.0
351.27495880000026,142.17493378688474,1.162630431328703,0.0
351.49343680000027,141.95409145866955,0.7596921515191355,0.0
351.7062828000003,141.7322527846454,0.6954608105035756,0.0
351.91403380000025,141.51519657050434,1.0358016047104814,0.0
352.07102680000025,141.30551331534974,1.0049770560345703,0.0
352.21154480000024,141.1026052116962,0.9028322405261471,0.0
352.28451690000026,140.90288541463136,0.5183772390222818,0.0
352.35056070000024,140.7045605016991,0.1486840109204371,0.0
352.42141250000026,140.50503997379607,0.07006216477159599,0.0
352.51732340000024,140.3025304084661,0.041132922227982704,0.0
352.61450500000024,140.09723107487102,0.18568815185770438,0.0
352.68771950000024,139.89153320295233,0.0003241052998407823,0.0
352.7678593000002,139.68503825438646,0.0,0.0
352.8381045000002,139.4779454983352,0.0,0.0
352.8810844000002,139.27224762641652,0.0,0.0
352.9258174000002,139.067346831145,0.0,0.0
352.9622398000002,138.8620474975499,0.0,0.0
352.9893018000002,138.6553532798222,0.0,0.0
353.0097752000002,138.44606856299117,0.0,0.0
353.0270132000002,138.25212757161842,0.0,0.0
353.0472135000002,138.03686477993352,0.0,0.0
